,label,score
0,POSITIVE,0.9998080134391785
1,NEGATIVE,0.9908571839332581
2,POSITIVE,0.9998176693916321
3,NEGATIVE,0.9986959099769592
4,NEGATIVE,0.999580442905426
5,NEGATIVE,0.9682818055152893
6,NEGATIVE,0.9951737523078918
7,NEGATIVE,0.9356470108032227
8,NEGATIVE,0.9987905621528625
9,POSITIVE,0.5852227210998535
10,NEGATIVE,0.9960997104644775
11,NEGATIVE,0.9801656007766724
12,NEGATIVE,0.9836322069168091
13,NEGATIVE,0.9797652363777161
14,NEGATIVE,0.6269709467887878
15,NEGATIVE,0.9978964328765869
16,NEGATIVE,0.9993019104003906
17,POSITIVE,0.9993835687637329
18,POSITIVE,0.9998352527618408
19,NEGATIVE,0.6690546870231628
20,POSITIVE,0.9797398447990417
21,POSITIVE,0.660097599029541
22,NEGATIVE,0.9974741339683533
23,NEGATIVE,0.9979726672172546
24,NEGATIVE,0.9637479782104492
25,POSITIVE,0.9914069175720215
26,NEGATIVE,0.9984418749809265
27,NEGATIVE,0.9979274272918701
28,NEGATIVE,0.9992979764938354
29,NEGATIVE,0.998668909072876
30,NEGATIVE,0.999042809009552
31,POSITIVE,0.9672982692718506
32,NEGATIVE,0.9987643957138062
33,NEGATIVE,0.9992631077766418
34,POSITIVE,0.9967202544212341
35,NEGATIVE,0.9923560619354248
36,NEGATIVE,0.9969080090522766
37,NEGATIVE,0.9986323714256287
38,NEGATIVE,0.9901261329650879
39,NEGATIVE,0.9987321496009827
40,NEGATIVE,0.9970786571502686
41,NEGATIVE,0.995850682258606
42,POSITIVE,0.9991229176521301
43,NEGATIVE,0.989913821220398
44,NEGATIVE,0.9942356944084167
45,NEGATIVE,0.9979440569877625
46,POSITIVE,0.9986870884895325
47,NEGATIVE,0.9432684779167175
48,NEGATIVE,0.9990876913070679
49,NEGATIVE,0.9971596002578735
50,NEGATIVE,0.9973322153091431
51,POSITIVE,0.9981356859207153
52,POSITIVE,0.9998244643211365
53,NEGATIVE,0.9903301000595093
54,POSITIVE,0.8464824557304382
55,NEGATIVE,0.9518572092056274
56,POSITIVE,0.9994237422943115
57,NEGATIVE,0.9731545448303223
58,NEGATIVE,0.9935114979743958
59,NEGATIVE,0.9973425269126892
60,NEGATIVE,0.8880849480628967
61,NEGATIVE,0.9954597353935242
62,NEGATIVE,0.9981641173362732
63,NEGATIVE,0.9969025254249573
64,POSITIVE,0.9894904494285583
65,NEGATIVE,0.9992252588272095
66,POSITIVE,0.9590882658958435
67,POSITIVE,0.9020662307739258
68,NEGATIVE,0.999283492565155
69,NEGATIVE,0.9997058510780334
70,POSITIVE,0.9732990860939026
71,NEGATIVE,0.9989894032478333
72,NEGATIVE,0.9993632435798645
73,NEGATIVE,0.9840623736381531
74,NEGATIVE,0.865069568157196
75,NEGATIVE,0.8882110714912415
76,POSITIVE,0.9980515241622925
77,NEGATIVE,0.9765055179595947
78,NEGATIVE,0.9956846237182617
79,POSITIVE,0.9996440410614014
80,NEGATIVE,0.9987279772758484
81,NEGATIVE,0.9884240031242371
82,NEGATIVE,0.9970097541809082
83,NEGATIVE,0.976830244064331
84,POSITIVE,0.9997790455818176
85,POSITIVE,0.8258212208747864
86,POSITIVE,0.9998314380645752
87,NEGATIVE,0.9994164705276489
88,NEGATIVE,0.9827415347099304
89,NEGATIVE,0.9818713665008545
90,NEGATIVE,0.9877015948295593
91,NEGATIVE,0.9965192079544067
92,NEGATIVE,0.992957592010498
93,NEGATIVE,0.8547267317771912
94,NEGATIVE,0.9931447505950928
95,NEGATIVE,0.9932805895805359
96,POSITIVE,0.9994161128997803
97,POSITIVE,0.9647330045700073
98,POSITIVE,0.9672976136207581
99,POSITIVE,0.9915884137153625
100,POSITIVE,0.9396480321884155
101,POSITIVE,0.9968390464782715
102,POSITIVE,0.9758877158164978
103,POSITIVE,0.9997639060020447
104,POSITIVE,0.9996248483657837
105,NEGATIVE,0.8867409825325012
106,NEGATIVE,0.9945423603057861
107,POSITIVE,0.7509427666664124
108,POSITIVE,0.9969095587730408
109,NEGATIVE,0.9188697338104248
110,POSITIVE,0.9926700592041016
111,POSITIVE,0.8800196647644043
112,POSITIVE,0.9997053742408752
113,POSITIVE,0.9917542934417725
114,NEGATIVE,0.9971745014190674
115,POSITIVE,0.8841436505317688
116,POSITIVE,0.9961804151535034
117,POSITIVE,0.9965315461158752
118,NEGATIVE,0.9806159734725952
119,NEGATIVE,0.8119786381721497
120,NEGATIVE,0.8928187489509583
121,NEGATIVE,0.9969649910926819
122,NEGATIVE,0.9789679646492004
123,NEGATIVE,0.8095434308052063
124,POSITIVE,0.9149382710456848
125,NEGATIVE,0.5519431233406067
126,NEGATIVE,0.9888556599617004
127,POSITIVE,0.9996851682662964
128,NEGATIVE,0.9944696426391602
129,POSITIVE,0.9977535605430603
130,POSITIVE,0.998857855796814
131,NEGATIVE,0.9926698207855225
132,POSITIVE,0.820922315120697
133,NEGATIVE,0.9991487264633179
134,NEGATIVE,0.9858200550079346
135,NEGATIVE,0.9844357967376709
136,POSITIVE,0.9972178936004639
137,NEGATIVE,0.9682818055152893
138,NEGATIVE,0.6929938793182373
139,NEGATIVE,0.9979839324951172
140,NEGATIVE,0.9057954549789429
141,POSITIVE,0.9973395466804504
142,NEGATIVE,0.9833810329437256
143,POSITIVE,0.9946703314781189
144,POSITIVE,0.9998480081558228
145,NEGATIVE,0.9976522326469421
146,NEGATIVE,0.8063417077064514
147,NEGATIVE,0.9976661205291748
148,NEGATIVE,0.9899986386299133
149,POSITIVE,0.9997366070747375
150,NEGATIVE,0.9964847564697266
151,NEGATIVE,0.9996652603149414
152,POSITIVE,0.9972172975540161
153,POSITIVE,0.9937445521354675
154,POSITIVE,0.9843422770500183
155,POSITIVE,0.9968446493148804
156,NEGATIVE,0.9975383281707764
157,NEGATIVE,0.9933253526687622
158,POSITIVE,0.9885712265968323
159,POSITIVE,0.9970044493675232
160,POSITIVE,0.9919621348381042
161,NEGATIVE,0.9880133867263794
162,NEGATIVE,0.986696183681488
163,POSITIVE,0.9968392848968506
164,POSITIVE,0.8930765390396118
165,POSITIVE,0.9535032510757446
166,NEGATIVE,0.9081257581710815
167,POSITIVE,0.9996160268783569
168,NEGATIVE,0.9970502853393555
169,POSITIVE,0.8989410996437073
170,NEGATIVE,0.9952225089073181
171,POSITIVE,0.9970677495002747
172,POSITIVE,0.9657217860221863
173,NEGATIVE,0.9979572296142578
174,POSITIVE,0.997047483921051
175,POSITIVE,0.9997308850288391
176,NEGATIVE,0.9743731021881104
177,NEGATIVE,0.9021969437599182
178,NEGATIVE,0.6856702566146851
179,NEGATIVE,0.8831969499588013
180,NEGATIVE,0.9096556901931763
181,POSITIVE,0.994559109210968
182,NEGATIVE,0.9563210010528564
183,POSITIVE,0.9997439980506897
184,NEGATIVE,0.9929612278938293
185,POSITIVE,0.9219861626625061
186,NEGATIVE,0.99114590883255
187,NEGATIVE,0.9831094145774841
188,POSITIVE,0.9941666126251221
189,NEGATIVE,0.98808753490448
190,POSITIVE,0.9992945194244385
191,POSITIVE,0.9993095397949219
192,NEGATIVE,0.9972520470619202
193,NEGATIVE,0.9962950348854065
194,POSITIVE,0.9998552799224854
195,POSITIVE,0.9796410799026489
196,NEGATIVE,0.9993815422058105
197,POSITIVE,0.8203941583633423
198,NEGATIVE,0.9993815422058105
199,POSITIVE,0.8203941583633423
200,NEGATIVE,0.9913983345031738
201,POSITIVE,0.979594886302948
202,NEGATIVE,0.9963640570640564
203,NEGATIVE,0.992131769657135
204,NEGATIVE,0.9912539124488831
205,POSITIVE,0.9997215867042542
206,NEGATIVE,0.9977454543113708
207,NEGATIVE,0.9967065453529358
208,NEGATIVE,0.997606635093689
209,POSITIVE,0.9073477983474731
210,POSITIVE,0.9994640946388245
211,NEGATIVE,0.9056903123855591
212,NEGATIVE,0.9743295311927795
213,POSITIVE,0.9995265007019043
214,POSITIVE,0.9997228980064392
215,POSITIVE,0.9701884388923645
216,POSITIVE,0.9996598958969116
217,NEGATIVE,0.993366539478302
218,NEGATIVE,0.9994474053382874
219,POSITIVE,0.9998080134391785
220,NEGATIVE,0.9962950348854065
221,NEGATIVE,0.9978755712509155
222,POSITIVE,0.9840959310531616
223,POSITIVE,0.6887765526771545
224,POSITIVE,0.9655954837799072
225,NEGATIVE,0.995563268661499
226,NEGATIVE,0.9948152899742126
227,NEGATIVE,0.9994068145751953
228,NEGATIVE,0.7210833430290222
229,NEGATIVE,0.9958176016807556
230,POSITIVE,0.9997376799583435
231,POSITIVE,0.9928683638572693
232,NEGATIVE,0.9988142251968384
233,NEGATIVE,0.5983632802963257
234,NEGATIVE,0.9736469388008118
235,NEGATIVE,0.9940973520278931
236,NEGATIVE,0.9991636276245117
237,NEGATIVE,0.9948340654373169
238,NEGATIVE,0.9846560955047607
239,NEGATIVE,0.9662532806396484
240,NEGATIVE,0.9577726721763611
241,NEGATIVE,0.9633991122245789
242,NEGATIVE,0.9691722989082336
243,NEGATIVE,0.9530931115150452
244,POSITIVE,0.820708692073822
245,POSITIVE,0.9998612403869629
246,NEGATIVE,0.9997817873954773
247,NEGATIVE,0.9756246209144592
248,POSITIVE,0.9973741769790649
249,POSITIVE,0.9204061031341553
250,NEGATIVE,0.9897270798683167
251,POSITIVE,0.9826048016548157
252,NEGATIVE,0.9969305396080017
253,NEGATIVE,0.9859696626663208
254,NEGATIVE,0.9996827840805054
255,NEGATIVE,0.938065230846405
256,POSITIVE,0.9988837838172913
257,POSITIVE,0.9996292591094971
258,POSITIVE,0.9998683929443359
259,POSITIVE,0.9998152852058411
260,NEGATIVE,0.8963775634765625
261,NEGATIVE,0.9950754046440125
262,POSITIVE,0.9998829364776611
263,NEGATIVE,0.8128132224082947
264,POSITIVE,0.9989545345306396
265,POSITIVE,0.965848445892334
266,NEGATIVE,0.9970980882644653
267,NEGATIVE,0.998021125793457
268,NEGATIVE,0.9942033886909485
269,NEGATIVE,0.9416443109512329
270,POSITIVE,0.9998562335968018
271,NEGATIVE,0.9203054308891296
272,NEGATIVE,0.9702965021133423
273,POSITIVE,0.71524977684021
274,NEGATIVE,0.9967065453529358
275,POSITIVE,0.999840497970581
276,POSITIVE,0.9975156784057617
277,POSITIVE,0.9942293167114258
278,NEGATIVE,0.9956027269363403
279,NEGATIVE,0.9842967391014099
280,NEGATIVE,0.9907105565071106
281,POSITIVE,0.8494635224342346
282,POSITIVE,0.9998168349266052
283,POSITIVE,0.9986860156059265
284,POSITIVE,0.9977573752403259
285,POSITIVE,0.9053723216056824
286,POSITIVE,0.9791386723518372
287,NEGATIVE,0.9952699542045593
288,NEGATIVE,0.8935621976852417
289,POSITIVE,0.9971666932106018
290,NEGATIVE,0.9967361092567444
291,NEGATIVE,0.9997478127479553
292,POSITIVE,0.6349074244499207
293,NEGATIVE,0.9923266172409058
294,POSITIVE,0.967772901058197
295,POSITIVE,0.999822199344635
296,POSITIVE,0.9831923842430115
297,NEGATIVE,0.9804640412330627
298,POSITIVE,0.980146586894989
299,POSITIVE,0.9997199177742004
300,NEGATIVE,0.9864415526390076
301,NEGATIVE,0.9989424347877502
302,NEGATIVE,0.9981243014335632
303,NEGATIVE,0.9991600513458252
304,POSITIVE,0.9995809197425842
305,POSITIVE,0.9992507100105286
306,POSITIVE,0.9474728107452393
307,NEGATIVE,0.9978107810020447
308,NEGATIVE,0.9562654495239258
309,NEGATIVE,0.9967467784881592
310,NEGATIVE,0.9981212019920349
311,POSITIVE,0.9827592372894287
312,NEGATIVE,0.9935206770896912
313,NEGATIVE,0.9682652950286865
314,NEGATIVE,0.9959654808044434
315,POSITIVE,0.7255366444587708
316,NEGATIVE,0.9820874333381653
317,NEGATIVE,0.9350002408027649
318,NEGATIVE,0.981808602809906
319,NEGATIVE,0.8049456477165222
320,NEGATIVE,0.9676985144615173
321,NEGATIVE,0.9816139936447144
322,NEGATIVE,0.995233952999115
323,POSITIVE,0.9983128309249878
324,NEGATIVE,0.9901916980743408
325,NEGATIVE,0.9926431775093079
326,NEGATIVE,0.9916433095932007
327,NEGATIVE,0.9903150200843811
328,NEGATIVE,0.9977673292160034
329,POSITIVE,0.8417484164237976
330,NEGATIVE,0.9835962057113647
331,NEGATIVE,0.9639445543289185
332,NEGATIVE,0.9480014443397522
333,NEGATIVE,0.9976741671562195
334,NEGATIVE,0.9897862672805786
335,NEGATIVE,0.9951896667480469
336,NEGATIVE,0.9864649772644043
337,NEGATIVE,0.9797269105911255
338,NEGATIVE,0.996181845664978
339,NEGATIVE,0.9941828846931458
340,NEGATIVE,0.923068642616272
341,NEGATIVE,0.9798123836517334
342,NEGATIVE,0.9650246500968933
343,POSITIVE,0.9342522621154785
344,NEGATIVE,0.9905043244361877
345,NEGATIVE,0.9626238942146301
346,NEGATIVE,0.9930797219276428
347,NEGATIVE,0.977338969707489
348,NEGATIVE,0.9931499361991882
349,POSITIVE,0.9916316866874695
350,POSITIVE,0.6942992210388184
351,POSITIVE,0.933719277381897
352,NEGATIVE,0.9990447163581848
353,NEGATIVE,0.6858919858932495
354,POSITIVE,0.9995797276496887
355,NEGATIVE,0.9807507395744324
356,NEGATIVE,0.9982801675796509
357,NEGATIVE,0.9970380067825317
358,POSITIVE,0.9945138692855835
359,NEGATIVE,0.9902346134185791
360,POSITIVE,0.8649774193763733
361,NEGATIVE,0.968166172504425
362,POSITIVE,0.7625470161437988
363,POSITIVE,0.9668599963188171
364,POSITIVE,0.7167268991470337
365,NEGATIVE,0.9781041741371155
366,POSITIVE,0.999679446220398
367,POSITIVE,0.9997971653938293
368,POSITIVE,0.9878588318824768
369,POSITIVE,0.9726985692977905
370,NEGATIVE,0.9976966977119446
371,NEGATIVE,0.9987661838531494
372,NEGATIVE,0.9346328973770142
373,NEGATIVE,0.98197340965271
374,NEGATIVE,0.8580100536346436
375,POSITIVE,0.9689151644706726
376,NEGATIVE,0.9893229603767395
377,POSITIVE,0.9901157021522522
378,NEGATIVE,0.9570943117141724
379,NEGATIVE,0.991758406162262
380,POSITIVE,0.999637246131897
381,POSITIVE,0.9718292951583862
382,NEGATIVE,0.9977561831474304
383,POSITIVE,0.9942597150802612
384,NEGATIVE,0.9803551435470581
385,NEGATIVE,0.9857446551322937
386,NEGATIVE,0.9994186162948608
387,NEGATIVE,0.9945068955421448
388,POSITIVE,0.9995961785316467
389,POSITIVE,0.9858511090278625
390,NEGATIVE,0.9993122816085815
391,NEGATIVE,0.9969782829284668
392,POSITIVE,0.8455109000205994
393,POSITIVE,0.9994294047355652
394,NEGATIVE,0.9802431464195251
395,NEGATIVE,0.992328941822052
396,POSITIVE,0.9997634291648865
397,NEGATIVE,0.9766466021537781
398,NEGATIVE,0.9989805817604065
399,POSITIVE,0.9504992365837097
400,POSITIVE,0.9789248704910278
401,NEGATIVE,0.9926079511642456
402,NEGATIVE,0.9949983358383179
403,NEGATIVE,0.9940351843833923
404,NEGATIVE,0.9996291399002075
405,NEGATIVE,0.9986642599105835
406,POSITIVE,0.9152008295059204
407,POSITIVE,0.9990872144699097
408,NEGATIVE,0.996863842010498
409,NEGATIVE,0.9990094900131226
410,NEGATIVE,0.9996033310890198
411,POSITIVE,0.7103219628334045
412,POSITIVE,0.946888267993927
413,POSITIVE,0.9960224032402039
414,POSITIVE,0.9879982471466064
415,NEGATIVE,0.9863406419754028
416,POSITIVE,0.9944856762886047
417,POSITIVE,0.9968248605728149
418,POSITIVE,0.9998648166656494
419,POSITIVE,0.9958404898643494
420,NEGATIVE,0.9927396178245544
421,NEGATIVE,0.9989861845970154
422,NEGATIVE,0.9936513304710388
423,POSITIVE,0.9945407509803772
424,NEGATIVE,0.9985999464988708
425,POSITIVE,0.9998569488525391
426,NEGATIVE,0.9890859127044678
427,NEGATIVE,0.9994250535964966
428,NEGATIVE,0.9903141856193542
429,POSITIVE,0.9998354911804199
430,POSITIVE,0.9608539938926697
431,POSITIVE,0.8277764320373535
432,NEGATIVE,0.999057948589325
433,NEGATIVE,0.9439756870269775
434,POSITIVE,0.9700057506561279
435,POSITIVE,0.9451031684875488
436,POSITIVE,0.9995125532150269
437,POSITIVE,0.9898844957351685
438,NEGATIVE,0.983518123626709
439,POSITIVE,0.9965108036994934
440,NEGATIVE,0.9948381781578064
441,NEGATIVE,0.9990967512130737
442,NEGATIVE,0.9979436993598938
443,POSITIVE,0.9980223178863525
444,POSITIVE,0.6216214895248413
445,NEGATIVE,0.999398946762085
446,NEGATIVE,0.9988251328468323
447,POSITIVE,0.9278335571289062
448,NEGATIVE,0.581932008266449
449,NEGATIVE,0.9922621250152588
450,NEGATIVE,0.9977812170982361
451,POSITIVE,0.9640305042266846
452,POSITIVE,0.9580578804016113
453,POSITIVE,0.9996367692947388
454,POSITIVE,0.9687618613243103
455,NEGATIVE,0.9979643821716309
456,POSITIVE,0.9915598034858704
457,POSITIVE,0.9981028437614441
458,POSITIVE,0.9143151044845581
459,POSITIVE,0.9991102814674377
460,NEGATIVE,0.9996581077575684
461,NEGATIVE,0.9995177984237671
462,NEGATIVE,0.9993160963058472
463,NEGATIVE,0.9816892147064209
464,NEGATIVE,0.9990257024765015
465,NEGATIVE,0.9954639077186584
466,POSITIVE,0.8855981826782227
467,NEGATIVE,0.9979515671730042
468,NEGATIVE,0.9967138767242432
469,NEGATIVE,0.9856056571006775
470,NEGATIVE,0.9978072047233582
471,NEGATIVE,0.9988635778427124
472,POSITIVE,0.9998664855957031
473,NEGATIVE,0.9918992519378662
474,POSITIVE,0.9997689127922058
475,NEGATIVE,0.99930739402771
476,NEGATIVE,0.9988858103752136
477,NEGATIVE,0.9888400435447693
478,POSITIVE,0.9903914928436279
479,NEGATIVE,0.9985138773918152
480,POSITIVE,0.9906598925590515
481,POSITIVE,0.9997822642326355
482,NEGATIVE,0.998224675655365
483,POSITIVE,0.8182047009468079
484,NEGATIVE,0.9834489226341248
485,NEGATIVE,0.9969395399093628
486,NEGATIVE,0.9723951816558838
487,NEGATIVE,0.9881792068481445
488,POSITIVE,0.998773992061615
489,POSITIVE,0.9926337599754333
490,NEGATIVE,0.991290807723999
491,POSITIVE,0.9697229862213135
492,POSITIVE,0.998350977897644
493,NEGATIVE,0.9980809688568115
494,POSITIVE,0.9994076490402222
495,NEGATIVE,0.9982450008392334
496,NEGATIVE,0.99916672706604
497,POSITIVE,0.9987133741378784
498,POSITIVE,0.9983052015304565
499,NEGATIVE,0.9932435154914856
500,NEGATIVE,0.9973846077919006
501,NEGATIVE,0.9979124665260315
502,NEGATIVE,0.9701907634735107
503,NEGATIVE,0.9962897300720215
504,NEGATIVE,0.9957212209701538
505,NEGATIVE,0.8345375061035156
506,NEGATIVE,0.996796190738678
507,NEGATIVE,0.9927189350128174
508,POSITIVE,0.9616261124610901
509,POSITIVE,0.9420796632766724
510,NEGATIVE,0.9993196725845337
511,POSITIVE,0.9990365505218506
512,NEGATIVE,0.9921592473983765
513,POSITIVE,0.9990121126174927
514,NEGATIVE,0.9944984316825867
515,NEGATIVE,0.9702558517456055
516,POSITIVE,0.9977350234985352
517,NEGATIVE,0.9963005781173706
518,NEGATIVE,0.9867644309997559
519,NEGATIVE,0.999396562576294
520,NEGATIVE,0.9993200302124023
521,NEGATIVE,0.9990124702453613
522,NEGATIVE,0.9965468049049377
523,NEGATIVE,0.9911462664604187
524,NEGATIVE,0.9893988370895386
525,POSITIVE,0.8428367972373962
526,POSITIVE,0.9938598871231079
527,POSITIVE,0.9997429251670837
528,NEGATIVE,0.9935630559921265
529,POSITIVE,0.9862750768661499
530,NEGATIVE,0.9932011961936951
531,NEGATIVE,0.9996317625045776
532,POSITIVE,0.9606715440750122
533,POSITIVE,0.8618459105491638
534,POSITIVE,0.9997914433479309
535,POSITIVE,0.994945228099823
536,NEGATIVE,0.9966097474098206
537,NEGATIVE,0.5580828785896301
538,NEGATIVE,0.812301516532898
539,POSITIVE,0.9948779344558716
540,NEGATIVE,0.9881638884544373
541,NEGATIVE,0.9972121119499207
542,NEGATIVE,0.994195818901062
543,POSITIVE,0.9465422034263611
544,NEGATIVE,0.9948337078094482
545,NEGATIVE,0.9933905601501465
546,NEGATIVE,0.996735155582428
547,POSITIVE,0.995169460773468
548,POSITIVE,0.8351259231567383
549,NEGATIVE,0.9816482067108154
550,POSITIVE,0.9386434555053711
551,NEGATIVE,0.9933820962905884
552,NEGATIVE,0.9974761605262756
553,NEGATIVE,0.9979436993598938
554,POSITIVE,0.999714195728302
555,POSITIVE,0.8902472853660583
556,NEGATIVE,0.9997736811637878
557,POSITIVE,0.9998080134391785
558,NEGATIVE,0.9953255653381348
559,NEGATIVE,0.9858603477478027
560,NEGATIVE,0.9920847415924072
561,POSITIVE,0.9985135197639465
562,POSITIVE,0.9913311004638672
563,POSITIVE,0.9809215068817139
564,NEGATIVE,0.9128544330596924
565,NEGATIVE,0.9983140230178833
566,POSITIVE,0.9020839929580688
567,POSITIVE,0.8190981149673462
568,POSITIVE,0.9974506497383118
569,POSITIVE,0.9994140863418579
570,POSITIVE,0.9993205070495605
571,NEGATIVE,0.99941086769104
572,NEGATIVE,0.979125440120697
573,NEGATIVE,0.5423424243927002
574,POSITIVE,0.9981600642204285
575,NEGATIVE,0.9984492063522339
576,POSITIVE,0.9998626708984375
577,POSITIVE,0.9979335069656372
578,POSITIVE,0.9296987056732178
579,NEGATIVE,0.9945688247680664
580,NEGATIVE,0.9997028708457947
581,POSITIVE,0.9998506307601929
582,POSITIVE,0.9759473204612732
583,NEGATIVE,0.9981899857521057
584,NEGATIVE,0.9857547283172607
585,POSITIVE,0.8146439790725708
586,NEGATIVE,0.9974157810211182
587,NEGATIVE,0.9880685210227966
588,POSITIVE,0.9973121881484985
589,NEGATIVE,0.5368756651878357
590,POSITIVE,0.9996953010559082
591,NEGATIVE,0.9737309217453003
592,NEGATIVE,0.9909118413925171
593,NEGATIVE,0.9874345660209656
594,POSITIVE,0.9998503923416138
595,NEGATIVE,0.999203622341156
596,NEGATIVE,0.5845365524291992
597,POSITIVE,0.9975376129150391
598,POSITIVE,0.9883025288581848
599,POSITIVE,0.6477709412574768
600,POSITIVE,0.9995378255844116
601,NEGATIVE,0.9987298846244812
602,POSITIVE,0.8512070178985596
603,NEGATIVE,0.9985968470573425
604,NEGATIVE,0.9988951086997986
605,POSITIVE,0.6429697871208191
606,POSITIVE,0.9923349022865295
607,POSITIVE,0.9310734868049622
608,NEGATIVE,0.7514064311981201
609,NEGATIVE,0.9984273910522461
610,NEGATIVE,0.9995812773704529
611,POSITIVE,0.9851115345954895
612,POSITIVE,0.9996188879013062
613,NEGATIVE,0.9927070736885071
614,POSITIVE,0.9995881915092468
615,POSITIVE,0.9960089921951294
616,NEGATIVE,0.9564765095710754
617,NEGATIVE,0.9333633780479431
618,POSITIVE,0.9990198612213135
619,POSITIVE,0.9798762798309326
620,NEGATIVE,0.9793969988822937
621,NEGATIVE,0.9973547458648682
622,NEGATIVE,0.9993686079978943
623,NEGATIVE,0.9979658126831055
624,NEGATIVE,0.9955795407295227
625,NEGATIVE,0.987762987613678
626,POSITIVE,0.9996452331542969
627,NEGATIVE,0.9933314919471741
628,POSITIVE,0.9998289346694946
629,NEGATIVE,0.9784137010574341
630,NEGATIVE,0.9913923740386963
631,NEGATIVE,0.9972821474075317
632,NEGATIVE,0.9992576241493225
633,NEGATIVE,0.9935546517372131
634,NEGATIVE,0.9990278482437134
635,NEGATIVE,0.9988195300102234
636,POSITIVE,0.9943987727165222
637,NEGATIVE,0.9896870255470276
638,NEGATIVE,0.8697832226753235
639,NEGATIVE,0.9976881742477417
640,POSITIVE,0.999402642250061
641,POSITIVE,0.998978853225708
642,POSITIVE,0.9295291304588318
643,POSITIVE,0.9995445609092712
644,NEGATIVE,0.9959489107131958
645,NEGATIVE,0.9829824566841125
646,NEGATIVE,0.9975057244300842
647,POSITIVE,0.9900386333465576
648,NEGATIVE,0.8476158976554871
649,POSITIVE,0.9998739957809448
650,POSITIVE,0.9996545314788818
651,NEGATIVE,0.9995113611221313
652,NEGATIVE,0.9988825917243958
653,NEGATIVE,0.868069589138031
654,NEGATIVE,0.9120131731033325
655,NEGATIVE,0.9990991353988647
656,NEGATIVE,0.9794996976852417
657,NEGATIVE,0.997215747833252
658,NEGATIVE,0.9064717888832092
659,NEGATIVE,0.9989805817604065
660,POSITIVE,0.9974018335342407
661,NEGATIVE,0.884518563747406
662,POSITIVE,0.9994204044342041
663,NEGATIVE,0.9989846348762512
664,NEGATIVE,0.99835205078125
665,POSITIVE,0.9992877840995789
666,POSITIVE,0.9654621481895447
667,POSITIVE,0.9866352677345276
668,POSITIVE,0.9252836108207703
669,POSITIVE,0.9589606523513794
670,POSITIVE,0.9872178435325623
671,POSITIVE,0.999647855758667
672,NEGATIVE,0.940464973449707
673,POSITIVE,0.9958989024162292
674,NEGATIVE,0.9966867566108704
675,POSITIVE,0.999704897403717
676,NEGATIVE,0.9849407076835632
677,POSITIVE,0.9988855719566345
678,NEGATIVE,0.9957687854766846
679,NEGATIVE,0.890523374080658
680,NEGATIVE,0.997101366519928
681,POSITIVE,0.9969524145126343
682,NEGATIVE,0.9995114803314209
683,POSITIVE,0.990761935710907
684,NEGATIVE,0.9990304708480835
685,NEGATIVE,0.9991512298583984
686,NEGATIVE,0.9848048686981201
687,POSITIVE,0.9995531439781189
688,NEGATIVE,0.9979190230369568
689,NEGATIVE,0.9993903636932373
690,POSITIVE,0.9431803226470947
691,NEGATIVE,0.9976468682289124
692,NEGATIVE,0.9989609718322754
693,POSITIVE,0.5179157853126526
694,NEGATIVE,0.9956666231155396
695,NEGATIVE,0.9994827508926392
696,NEGATIVE,0.9830330014228821
697,POSITIVE,0.9957481026649475
698,NEGATIVE,0.992928683757782
699,NEGATIVE,0.9332093596458435
700,POSITIVE,0.9979032278060913
701,NEGATIVE,0.9864240288734436
702,POSITIVE,0.9895851016044617
703,POSITIVE,0.9992947578430176
704,POSITIVE,0.9996984004974365
705,NEGATIVE,0.9697914719581604
706,NEGATIVE,0.9921489953994751
707,NEGATIVE,0.9653151631355286
708,POSITIVE,0.993283748626709
709,POSITIVE,0.9994914531707764
710,POSITIVE,0.9998569488525391
711,NEGATIVE,0.6173431277275085
712,NEGATIVE,0.9953411817550659
713,NEGATIVE,0.995590329170227
714,POSITIVE,0.9977960586547852
715,POSITIVE,0.999306321144104
716,POSITIVE,0.9890944361686707
717,POSITIVE,0.9990984201431274
718,NEGATIVE,0.7575883865356445
719,POSITIVE,0.999076247215271
720,NEGATIVE,0.9976668357849121
721,POSITIVE,0.9988320469856262
722,POSITIVE,0.9941616654396057
723,POSITIVE,0.8492256999015808
724,POSITIVE,0.9998013377189636
725,POSITIVE,0.9850528836250305
726,NEGATIVE,0.9994490742683411
727,POSITIVE,0.9949544072151184
728,NEGATIVE,0.9963454604148865
729,NEGATIVE,0.5423129796981812
730,POSITIVE,0.9976824522018433
731,NEGATIVE,0.9997232556343079
732,NEGATIVE,0.993399977684021
733,POSITIVE,0.9954490065574646
734,POSITIVE,0.9873308539390564
735,POSITIVE,0.9982957243919373
736,NEGATIVE,0.9875625371932983
737,POSITIVE,0.9991331696510315
738,NEGATIVE,0.7241148352622986
739,NEGATIVE,0.9939063191413879
740,NEGATIVE,0.999789297580719
741,POSITIVE,0.9722234010696411
742,NEGATIVE,0.9915419816970825
743,POSITIVE,0.9916737675666809
744,POSITIVE,0.9856496453285217
745,NEGATIVE,0.9633710384368896
746,NEGATIVE,0.9951863884925842
747,NEGATIVE,0.6372955441474915
748,NEGATIVE,0.9985902905464172
749,NEGATIVE,0.9917550086975098
750,POSITIVE,0.9594225287437439
751,POSITIVE,0.9996733665466309
752,NEGATIVE,0.9951258301734924
753,POSITIVE,0.9886589646339417
754,POSITIVE,0.9990554451942444
755,POSITIVE,0.9514159560203552
756,POSITIVE,0.9220926761627197
757,NEGATIVE,0.9939306974411011
758,NEGATIVE,0.9647257924079895
759,NEGATIVE,0.9992235898971558
760,POSITIVE,0.9728326797485352
761,POSITIVE,0.9996161460876465
762,POSITIVE,0.9649093151092529
763,NEGATIVE,0.9946816563606262
764,NEGATIVE,0.9987590312957764
765,POSITIVE,0.9994650483131409
766,NEGATIVE,0.9964936375617981
767,POSITIVE,0.9982561469078064
768,NEGATIVE,0.9974527955055237
769,NEGATIVE,0.9855374693870544
770,NEGATIVE,0.9964420199394226
771,POSITIVE,0.9996353387832642
772,NEGATIVE,0.9965828061103821
773,POSITIVE,0.9700390696525574
774,POSITIVE,0.9990273714065552
775,POSITIVE,0.9979979395866394
776,NEGATIVE,0.9980466365814209
777,POSITIVE,0.6680466532707214
778,POSITIVE,0.9867998361587524
779,POSITIVE,0.9959273934364319
780,NEGATIVE,0.9990629553794861
781,NEGATIVE,0.9992478489875793
782,NEGATIVE,0.9989438652992249
783,NEGATIVE,0.9923741221427917
784,NEGATIVE,0.9947592616081238
785,NEGATIVE,0.9983805418014526
786,NEGATIVE,0.9994913339614868
787,NEGATIVE,0.9991567134857178
788,NEGATIVE,0.7761412858963013
789,NEGATIVE,0.9979909658432007
790,NEGATIVE,0.9986024498939514
791,NEGATIVE,0.9992558360099792
792,POSITIVE,0.8245311975479126
793,POSITIVE,0.6590795516967773
794,POSITIVE,0.9960164427757263
795,POSITIVE,0.9915806651115417
796,NEGATIVE,0.9954423904418945
797,NEGATIVE,0.9985912442207336
798,NEGATIVE,0.769180953502655
799,NEGATIVE,0.9969446063041687
800,POSITIVE,0.9588898420333862
801,NEGATIVE,0.9983021020889282
802,POSITIVE,0.9998314380645752
803,POSITIVE,0.9963229894638062
804,NEGATIVE,0.9948469400405884
805,NEGATIVE,0.9710440635681152
806,POSITIVE,0.9748445749282837
807,POSITIVE,0.9993347525596619
808,NEGATIVE,0.9951632022857666
809,NEGATIVE,0.9995530247688293
810,POSITIVE,0.9661955237388611
811,NEGATIVE,0.9992965459823608
812,POSITIVE,0.9973658919334412
813,NEGATIVE,0.999122679233551
814,NEGATIVE,0.960921049118042
815,NEGATIVE,0.9978697299957275
816,NEGATIVE,0.9722577929496765
817,NEGATIVE,0.9995976090431213
818,NEGATIVE,0.9954304695129395
819,NEGATIVE,0.9982075691223145
820,NEGATIVE,0.9985425472259521
821,NEGATIVE,0.9925754070281982
822,POSITIVE,0.9989129304885864
823,NEGATIVE,0.9955509901046753
824,NEGATIVE,0.996191143989563
825,POSITIVE,0.9308215975761414
826,NEGATIVE,0.9995453953742981
827,NEGATIVE,0.9305025339126587
828,NEGATIVE,0.902194619178772
829,NEGATIVE,0.8036540150642395
830,NEGATIVE,0.984153687953949
831,NEGATIVE,0.9800741076469421
832,POSITIVE,0.9813153147697449
833,NEGATIVE,0.9641894102096558
834,POSITIVE,0.9478693604469299
835,POSITIVE,0.7753933668136597
836,NEGATIVE,0.9975972771644592
837,NEGATIVE,0.9833276867866516
838,NEGATIVE,0.9964118599891663
839,NEGATIVE,0.9989563226699829
840,NEGATIVE,0.9938796758651733
841,POSITIVE,0.999332845211029
842,NEGATIVE,0.9987326264381409
843,POSITIVE,0.9971939325332642
844,NEGATIVE,0.9989219903945923
845,NEGATIVE,0.6652416586875916
846,NEGATIVE,0.9909690022468567
847,POSITIVE,0.9997122883796692
848,NEGATIVE,0.9992357492446899
849,POSITIVE,0.962493896484375
850,NEGATIVE,0.9983678460121155
851,NEGATIVE,0.9909714460372925
852,POSITIVE,0.9959873557090759
853,NEGATIVE,0.9989514350891113
854,POSITIVE,0.9850190281867981
855,POSITIVE,0.9992172718048096
856,NEGATIVE,0.9987605810165405
857,POSITIVE,0.9984625577926636
858,NEGATIVE,0.9992374181747437
859,POSITIVE,0.980268120765686
860,NEGATIVE,0.9989805817604065
861,NEGATIVE,0.9979436993598938
862,NEGATIVE,0.9903985261917114
863,POSITIVE,0.9946126937866211
864,POSITIVE,0.9991253018379211
865,NEGATIVE,0.9855565428733826
866,NEGATIVE,0.9989805817604065
867,NEGATIVE,0.9922223687171936
868,NEGATIVE,0.9951404333114624
869,POSITIVE,0.995175838470459
870,POSITIVE,0.5433650612831116
871,POSITIVE,0.9064300656318665
872,NEGATIVE,0.9851170778274536
873,NEGATIVE,0.9868435263633728
874,NEGATIVE,0.9872889518737793
875,POSITIVE,0.9330487251281738
876,POSITIVE,0.8874350190162659
877,POSITIVE,0.9994897842407227
878,NEGATIVE,0.9698469638824463
879,POSITIVE,0.9945789575576782
880,NEGATIVE,0.995257556438446
881,NEGATIVE,0.9986234903335571
882,POSITIVE,0.9920845031738281
883,NEGATIVE,0.9984399676322937
884,NEGATIVE,0.5105603933334351
885,POSITIVE,0.9862571358680725
886,NEGATIVE,0.9856650829315186
887,POSITIVE,0.986152172088623
888,POSITIVE,0.9957531690597534
889,POSITIVE,0.8657905459403992
890,POSITIVE,0.9983408451080322
891,NEGATIVE,0.9924633502960205
892,NEGATIVE,0.9983678460121155
893,POSITIVE,0.9302757382392883
894,NEGATIVE,0.9926581978797913
895,POSITIVE,0.9981054067611694
896,NEGATIVE,0.9966171383857727
897,NEGATIVE,0.9980494976043701
898,NEGATIVE,0.9857479929924011
899,NEGATIVE,0.9950554370880127
900,POSITIVE,0.9978437423706055
901,NEGATIVE,0.9956240057945251
902,NEGATIVE,0.7380614876747131
903,POSITIVE,0.9973836541175842
904,POSITIVE,0.8768277764320374
905,POSITIVE,0.7544001340866089
906,POSITIVE,0.9842983484268188
907,POSITIVE,0.9995514750480652
908,POSITIVE,0.9998804330825806
909,NEGATIVE,0.9866456985473633
910,POSITIVE,0.994368851184845
911,NEGATIVE,0.9770918488502502
912,NEGATIVE,0.9540269374847412
913,POSITIVE,0.8983901739120483
914,NEGATIVE,0.9924740195274353
915,NEGATIVE,0.9784492254257202
916,POSITIVE,0.9997461438179016
917,NEGATIVE,0.9994895458221436
918,NEGATIVE,0.9920840263366699
919,NEGATIVE,0.9938325881958008
920,NEGATIVE,0.9816486835479736
921,POSITIVE,0.9965684413909912
922,NEGATIVE,0.977319061756134
923,NEGATIVE,0.891126811504364
924,POSITIVE,0.9408335089683533
925,POSITIVE,0.9990983009338379
926,NEGATIVE,0.9973458647727966
927,NEGATIVE,0.999599277973175
928,NEGATIVE,0.9901790618896484
929,NEGATIVE,0.9834543466567993
930,POSITIVE,0.9992055296897888
931,NEGATIVE,0.9960752129554749
932,POSITIVE,0.9905639886856079
933,POSITIVE,0.9866932034492493
934,NEGATIVE,0.9996600151062012
935,NEGATIVE,0.9996142387390137
936,NEGATIVE,0.885010838508606
937,POSITIVE,0.9270979762077332
938,POSITIVE,0.9994520545005798
939,POSITIVE,0.9983982443809509
940,POSITIVE,0.9992814660072327
941,POSITIVE,0.9990485310554504
942,POSITIVE,0.9946823716163635
943,NEGATIVE,0.9905650615692139
944,NEGATIVE,0.9905755519866943
945,POSITIVE,0.9885085225105286
946,NEGATIVE,0.9985609650611877
947,NEGATIVE,0.9940949082374573
948,POSITIVE,0.9997783303260803
949,NEGATIVE,0.997668445110321
950,POSITIVE,0.879432737827301
951,NEGATIVE,0.9947622418403625
952,POSITIVE,0.9936610460281372
953,NEGATIVE,0.9913881421089172
954,NEGATIVE,0.998397171497345
955,POSITIVE,0.9977587461471558
956,NEGATIVE,0.9982909560203552
957,POSITIVE,0.9848849773406982
958,POSITIVE,0.8119552731513977
959,NEGATIVE,0.7188440561294556
960,POSITIVE,0.7070941925048828
961,NEGATIVE,0.9994997978210449
962,NEGATIVE,0.9966057538986206
963,NEGATIVE,0.9961833357810974
964,NEGATIVE,0.9944262504577637
965,POSITIVE,0.9998674392700195
966,NEGATIVE,0.9972569346427917
967,POSITIVE,0.9997041821479797
968,NEGATIVE,0.9986057877540588
969,NEGATIVE,0.7882978320121765
970,NEGATIVE,0.9911701679229736
971,NEGATIVE,0.9867085218429565
972,POSITIVE,0.6988925337791443
973,NEGATIVE,0.9973978996276855
974,NEGATIVE,0.9929831027984619
975,NEGATIVE,0.9960158467292786
976,NEGATIVE,0.9931545257568359
977,NEGATIVE,0.8794425129890442
978,NEGATIVE,0.999742329120636
979,POSITIVE,0.9994725584983826
980,POSITIVE,0.9994578957557678
981,POSITIVE,0.9994582533836365
982,NEGATIVE,0.9817031025886536
983,NEGATIVE,0.9995104074478149
984,POSITIVE,0.9789133667945862
985,POSITIVE,0.9860671162605286
986,NEGATIVE,0.9975014328956604
987,POSITIVE,0.9606705904006958
988,POSITIVE,0.998702883720398
989,POSITIVE,0.9907630085945129
990,NEGATIVE,0.9828616380691528
991,NEGATIVE,0.9986421465873718
992,NEGATIVE,0.9944700002670288
993,POSITIVE,0.9938685297966003
994,POSITIVE,0.9598699808120728
995,NEGATIVE,0.9940299987792969
996,NEGATIVE,0.9886059165000916
997,POSITIVE,0.9880301356315613
998,POSITIVE,0.850728452205658
999,NEGATIVE,0.995860755443573
1000,NEGATIVE,0.9055727124214172
1001,POSITIVE,0.9234901666641235
1002,POSITIVE,0.5575071573257446
1003,POSITIVE,0.9920964241027832
1004,NEGATIVE,0.9892577528953552
1005,NEGATIVE,0.6411512494087219
1006,NEGATIVE,0.9493367075920105
1007,NEGATIVE,0.9991655349731445
1008,NEGATIVE,0.9927997589111328
1009,NEGATIVE,0.9780175089836121
1010,POSITIVE,0.7230831384658813
1011,NEGATIVE,0.9995641112327576
1012,NEGATIVE,0.702763020992279
1013,POSITIVE,0.9866863489151001
1014,NEGATIVE,0.9917592406272888
1015,NEGATIVE,0.9940574169158936
1016,NEGATIVE,0.9917550086975098
1017,NEGATIVE,0.997931957244873
1018,NEGATIVE,0.9992786049842834
1019,POSITIVE,0.9581995606422424
1020,NEGATIVE,0.9972035884857178
1021,POSITIVE,0.9499873518943787
1022,NEGATIVE,0.9834495186805725
1023,POSITIVE,0.9995588660240173
1024,POSITIVE,0.9963222742080688
1025,NEGATIVE,0.9917550086975098
1026,NEGATIVE,0.9917592406272888
1027,NEGATIVE,0.9972019195556641
1028,NEGATIVE,0.9965370893478394
1029,NEGATIVE,0.9958202838897705
1030,NEGATIVE,0.9987910389900208
1031,NEGATIVE,0.996855616569519
1032,POSITIVE,0.9973013997077942
1033,POSITIVE,0.9998352527618408
1034,NEGATIVE,0.9977139234542847
1035,NEGATIVE,0.992277979850769
1036,POSITIVE,0.999858021736145
1037,NEGATIVE,0.9940302968025208
1038,NEGATIVE,0.9948403239250183
1039,NEGATIVE,0.9870326519012451
1040,POSITIVE,0.9807704091072083
1041,POSITIVE,0.9994730353355408
1042,POSITIVE,0.9994288086891174
1043,NEGATIVE,0.9912944436073303
1044,POSITIVE,0.9902496933937073
1045,NEGATIVE,0.972434937953949
1046,POSITIVE,0.9738195538520813
1047,NEGATIVE,0.9995218515396118
1048,NEGATIVE,0.9922631978988647
1049,POSITIVE,0.997641921043396
1050,POSITIVE,0.9894652366638184
1051,POSITIVE,0.9993875026702881
1052,NEGATIVE,0.9913694262504578
1053,NEGATIVE,0.994615375995636
1054,NEGATIVE,0.9988775849342346
1055,NEGATIVE,0.9981902241706848
1056,POSITIVE,0.945715606212616
1057,NEGATIVE,0.99818354845047
1058,POSITIVE,0.7768242955207825
1059,NEGATIVE,0.7457677125930786
1060,NEGATIVE,0.998077392578125
1061,NEGATIVE,0.9950770735740662
1062,POSITIVE,0.9967083930969238
1063,POSITIVE,0.9879833459854126
1064,NEGATIVE,0.9977483153343201
1065,POSITIVE,0.9959249496459961
1066,NEGATIVE,0.9969446063041687
1067,POSITIVE,0.9982806444168091
1068,NEGATIVE,0.9993014335632324
1069,POSITIVE,0.9976750016212463
1070,NEGATIVE,0.9899536371231079
1071,NEGATIVE,0.7830747365951538
1072,NEGATIVE,0.9993808269500732
1073,NEGATIVE,0.9991419315338135
1074,NEGATIVE,0.8460853695869446
1075,NEGATIVE,0.9423457980155945
1076,NEGATIVE,0.9954885840415955
1077,POSITIVE,0.9879833459854126
1078,POSITIVE,0.9986396431922913
1079,NEGATIVE,0.996802806854248
1080,NEGATIVE,0.8933623433113098
1081,POSITIVE,0.9998568296432495
1082,NEGATIVE,0.9958141446113586
1083,POSITIVE,0.9943512678146362
1084,POSITIVE,0.9653230309486389
1085,NEGATIVE,0.9489673972129822
1086,POSITIVE,0.997832715511322
1087,POSITIVE,0.9964861869812012
1088,POSITIVE,0.9994346499443054
1089,NEGATIVE,0.9916212558746338
1090,NEGATIVE,0.9981510043144226
1091,NEGATIVE,0.9929617047309875
1092,NEGATIVE,0.9951624274253845
1093,NEGATIVE,0.9983048439025879
1094,POSITIVE,0.9911853671073914
1095,POSITIVE,0.9760145545005798
1096,NEGATIVE,0.9830611348152161
1097,NEGATIVE,0.9338387250900269
1098,NEGATIVE,0.9987369179725647
1099,POSITIVE,0.979258120059967
1100,POSITIVE,0.9996703863143921
1101,POSITIVE,0.9991357922554016
1102,NEGATIVE,0.9993213415145874
1103,POSITIVE,0.975038468837738
1104,NEGATIVE,0.9970071911811829
1105,NEGATIVE,0.9050664305686951
1106,NEGATIVE,0.9768195748329163
1107,POSITIVE,0.9029272794723511
1108,NEGATIVE,0.9016915559768677
1109,POSITIVE,0.9959285855293274
1110,POSITIVE,0.9884125590324402
1111,NEGATIVE,0.9991637468338013
1112,POSITIVE,0.5298470258712769
1113,POSITIVE,0.9994292855262756
1114,NEGATIVE,0.994110643863678
1115,NEGATIVE,0.9924397468566895
1116,POSITIVE,0.9997938275337219
1117,POSITIVE,0.9513322710990906
1118,POSITIVE,0.9996991157531738
1119,NEGATIVE,0.7090771198272705
1120,POSITIVE,0.5084102153778076
1121,NEGATIVE,0.996870219707489
1122,NEGATIVE,0.997220516204834
1123,POSITIVE,0.8649152517318726
1124,NEGATIVE,0.9838191866874695
1125,POSITIVE,0.8351259231567383
1126,POSITIVE,0.9946458339691162
1127,NEGATIVE,0.9996882677078247
1128,POSITIVE,0.9859662652015686
1129,NEGATIVE,0.9826239943504333
1130,NEGATIVE,0.9748985171318054
1131,POSITIVE,0.9995827078819275
1132,POSITIVE,0.5031047463417053
1133,POSITIVE,0.999679446220398
1134,POSITIVE,0.9937560558319092
1135,NEGATIVE,0.9923104047775269
1136,POSITIVE,0.7041012644767761
1137,POSITIVE,0.8743239641189575
1138,NEGATIVE,0.989154040813446
1139,NEGATIVE,0.9974672794342041
1140,POSITIVE,0.9982187151908875
1141,NEGATIVE,0.9960696697235107
1142,POSITIVE,0.9994556307792664
1143,NEGATIVE,0.9846898317337036
1144,NEGATIVE,0.9921270608901978
1145,NEGATIVE,0.9995825886726379
1146,POSITIVE,0.9963405132293701
1147,POSITIVE,0.9974798560142517
1148,NEGATIVE,0.9975162744522095
1149,POSITIVE,0.9810614585876465
1150,NEGATIVE,0.9964748024940491
1151,NEGATIVE,0.9907301068305969
1152,NEGATIVE,0.9712382555007935
1153,NEGATIVE,0.999444305896759
1154,POSITIVE,0.9972555041313171
1155,NEGATIVE,0.9973742961883545
1156,POSITIVE,0.9890074729919434
1157,POSITIVE,0.9979877471923828
1158,POSITIVE,0.9903656244277954
1159,POSITIVE,0.9983622431755066
1160,NEGATIVE,0.9979546070098877
1161,NEGATIVE,0.9845671653747559
1162,NEGATIVE,0.9966621398925781
1163,POSITIVE,0.8977690935134888
1164,NEGATIVE,0.9953703284263611
1165,POSITIVE,0.9483389258384705
1166,NEGATIVE,0.5952475070953369
1167,POSITIVE,0.9996864795684814
1168,POSITIVE,0.992224931716919
1169,POSITIVE,0.9993034601211548
1170,NEGATIVE,0.9982549548149109
1171,NEGATIVE,0.9323375225067139
1172,POSITIVE,0.9759893417358398
1173,POSITIVE,0.9984369874000549
1174,NEGATIVE,0.9967946410179138
1175,NEGATIVE,0.9972835779190063
1176,NEGATIVE,0.9967202544212341
1177,NEGATIVE,0.9954114556312561
1178,NEGATIVE,0.9964631199836731
1179,POSITIVE,0.9938226938247681
1180,POSITIVE,0.9984258413314819
1181,NEGATIVE,0.9934586882591248
1182,NEGATIVE,0.9991078972816467
1183,POSITIVE,0.9760982394218445
1184,NEGATIVE,0.7824038863182068
1185,NEGATIVE,0.9970359802246094
1186,POSITIVE,0.9981110095977783
1187,NEGATIVE,0.997386634349823
1188,NEGATIVE,0.9976961016654968
1189,NEGATIVE,0.9975516200065613
1190,NEGATIVE,0.8867237567901611
1191,NEGATIVE,0.9899337887763977
1192,NEGATIVE,0.7184330224990845
1193,NEGATIVE,0.9991077780723572
1194,POSITIVE,0.9978713989257812
1195,NEGATIVE,0.9997918009757996
1196,NEGATIVE,0.981291651725769
1197,NEGATIVE,0.9996979236602783
1198,NEGATIVE,0.9996472597122192
1199,NEGATIVE,0.9994809031486511
1200,POSITIVE,0.9863718152046204
1201,POSITIVE,0.9657710194587708
1202,POSITIVE,0.9931366443634033
1203,POSITIVE,0.9998194575309753
1204,POSITIVE,0.9218469262123108
1205,NEGATIVE,0.9973130822181702
1206,NEGATIVE,0.9959114789962769
1207,POSITIVE,0.9992913007736206
1208,POSITIVE,0.9952141046524048
1209,NEGATIVE,0.9918386340141296
1210,POSITIVE,0.9993755221366882
1211,NEGATIVE,0.9919506311416626
1212,POSITIVE,0.9540401697158813
1213,NEGATIVE,0.9989103078842163
1214,NEGATIVE,0.9978321194648743
1215,NEGATIVE,0.9329823851585388
1216,NEGATIVE,0.9985038042068481
1217,POSITIVE,0.9978500604629517
1218,POSITIVE,0.985862672328949
1219,NEGATIVE,0.9997254014015198
1220,NEGATIVE,0.9947073459625244
1221,POSITIVE,0.9312587976455688
1222,POSITIVE,0.9947109222412109
1223,NEGATIVE,0.9994206428527832
1224,NEGATIVE,0.9957976341247559
1225,NEGATIVE,0.9869124889373779
1226,NEGATIVE,0.9677063822746277
1227,POSITIVE,0.9874881505966187
1228,POSITIVE,0.8575479984283447
1229,POSITIVE,0.9986379742622375
1230,NEGATIVE,0.9979204535484314
1231,NEGATIVE,0.9953081011772156
1232,POSITIVE,0.9946160912513733
1233,POSITIVE,0.995109498500824
1234,NEGATIVE,0.9784716963768005
1235,NEGATIVE,0.9966332316398621
1236,NEGATIVE,0.9948248863220215
1237,POSITIVE,0.9984110593795776
1238,NEGATIVE,0.8578699827194214
1239,NEGATIVE,0.9988793730735779
1240,NEGATIVE,0.9994826316833496
1241,POSITIVE,0.961513340473175
1242,NEGATIVE,0.9968442916870117
1243,NEGATIVE,0.99349045753479
1244,NEGATIVE,0.9992722868919373
1245,NEGATIVE,0.9976961016654968
1246,NEGATIVE,0.9988698363304138
1247,NEGATIVE,0.987591028213501
1248,NEGATIVE,0.9735051393508911
1249,NEGATIVE,0.9106131196022034
1250,POSITIVE,0.999398946762085
1251,NEGATIVE,0.9863205552101135
1252,POSITIVE,0.9843084216117859
1253,POSITIVE,0.9506127238273621
1254,NEGATIVE,0.9816482067108154
1255,NEGATIVE,0.9985406398773193
1256,NEGATIVE,0.9979768395423889
1257,POSITIVE,0.9950809478759766
1258,POSITIVE,0.9847529530525208
1259,POSITIVE,0.9994962215423584
1260,NEGATIVE,0.9970871806144714
1261,NEGATIVE,0.9990155696868896
1262,POSITIVE,0.9138827323913574
1263,POSITIVE,0.9985002279281616
1264,POSITIVE,0.9981231093406677
1265,POSITIVE,0.99967360496521
1266,POSITIVE,0.9948325157165527
1267,POSITIVE,0.9992823004722595
1268,POSITIVE,0.6759330630302429
1269,NEGATIVE,0.9920673370361328
1270,NEGATIVE,0.8217889666557312
1271,NEGATIVE,0.861969530582428
1272,POSITIVE,0.9991936087608337
1273,NEGATIVE,0.8265001773834229
1274,POSITIVE,0.9989513158798218
1275,NEGATIVE,0.9974870681762695
1276,NEGATIVE,0.9079236388206482
1277,POSITIVE,0.9988968372344971
1278,NEGATIVE,0.997734546661377
1279,NEGATIVE,0.9962634444236755
1280,POSITIVE,0.8413717746734619
1281,POSITIVE,0.8011688590049744
1282,NEGATIVE,0.7361045479774475
1283,NEGATIVE,0.9880980849266052
1284,NEGATIVE,0.9896600246429443
1285,NEGATIVE,0.8890604376792908
1286,POSITIVE,0.9803179502487183
1287,POSITIVE,0.9997594952583313
1288,NEGATIVE,0.9964809417724609
1289,POSITIVE,0.9761157631874084
1290,NEGATIVE,0.6449379324913025
1291,POSITIVE,0.999358594417572
1292,POSITIVE,0.8643695712089539
1293,NEGATIVE,0.9985969662666321
1294,NEGATIVE,0.9945165514945984
1295,POSITIVE,0.9977169036865234
1296,NEGATIVE,0.9885610938072205
1297,POSITIVE,0.9998408555984497
1298,NEGATIVE,0.9873906373977661
1299,POSITIVE,0.6830888986587524
1300,POSITIVE,0.9998644590377808
1301,NEGATIVE,0.9777361154556274
1302,NEGATIVE,0.9975322484970093
1303,POSITIVE,0.9998084902763367
1304,POSITIVE,0.9991878867149353
1305,POSITIVE,0.9312384724617004
1306,POSITIVE,0.9975692629814148
1307,NEGATIVE,0.9993510842323303
1308,POSITIVE,0.9926109910011292
1309,POSITIVE,0.8922656774520874
1310,POSITIVE,0.9998549222946167
1311,NEGATIVE,0.9973844885826111
1312,POSITIVE,0.9940815567970276
1313,NEGATIVE,0.9953077435493469
1314,POSITIVE,0.8294197916984558
1315,POSITIVE,0.7208777070045471
1316,NEGATIVE,0.9955195188522339
1317,POSITIVE,0.9983761310577393
1318,NEGATIVE,0.9974650144577026
1319,POSITIVE,0.9947999715805054
1320,POSITIVE,0.9996153116226196
1321,POSITIVE,0.7754379510879517
1322,NEGATIVE,0.9977148771286011
1323,POSITIVE,0.7655303478240967
1324,NEGATIVE,0.9786004424095154
1325,NEGATIVE,0.9997621178627014
1326,NEGATIVE,0.9800949096679688
1327,NEGATIVE,0.994702160358429
1328,NEGATIVE,0.9927166104316711
1329,POSITIVE,0.9686996936798096
1330,POSITIVE,0.9954169988632202
1331,NEGATIVE,0.9991627931594849
1332,NEGATIVE,0.6068587899208069
1333,POSITIVE,0.9721441864967346
1334,POSITIVE,0.9996459484100342
1335,NEGATIVE,0.9911206364631653
1336,POSITIVE,0.945906937122345
1337,POSITIVE,0.9971822500228882
1338,NEGATIVE,0.9452749490737915
1339,POSITIVE,0.9599081873893738
1340,NEGATIVE,0.9943755865097046
1341,POSITIVE,0.9967581629753113
1342,POSITIVE,0.9899075031280518
1343,NEGATIVE,0.9942545294761658
1344,NEGATIVE,0.9934942126274109
1345,POSITIVE,0.9994710087776184
1346,POSITIVE,0.9995790123939514
1347,POSITIVE,0.9998270869255066
1348,NEGATIVE,0.9903956055641174
1349,POSITIVE,0.9990308284759521
1350,NEGATIVE,0.9977049231529236
1351,POSITIVE,0.9661218523979187
1352,NEGATIVE,0.9992266893386841
1353,POSITIVE,0.9159348607063293
1354,NEGATIVE,0.9601644277572632
1355,NEGATIVE,0.9522028565406799
1356,POSITIVE,0.8865844011306763
1357,NEGATIVE,0.9971888661384583
1358,NEGATIVE,0.999464213848114
1359,POSITIVE,0.994937539100647
1360,POSITIVE,0.9473415613174438
1361,POSITIVE,0.9983207583427429
1362,NEGATIVE,0.8736424446105957
1363,NEGATIVE,0.9991971850395203
1364,POSITIVE,0.9973180890083313
1365,NEGATIVE,0.7081468105316162
1366,NEGATIVE,0.9407881498336792
1367,POSITIVE,0.613431453704834
1368,NEGATIVE,0.7278140187263489
1369,POSITIVE,0.9998347759246826
1370,NEGATIVE,0.6797352433204651
1371,POSITIVE,0.6584104895591736
1372,NEGATIVE,0.9687268733978271
1373,POSITIVE,0.7899932861328125
1374,POSITIVE,0.9762365221977234
1375,NEGATIVE,0.9986228942871094
1376,NEGATIVE,0.9994589686393738
1377,NEGATIVE,0.9423353672027588
1378,POSITIVE,0.9581314921379089
1379,POSITIVE,0.9853324294090271
1380,NEGATIVE,0.574348509311676
1381,POSITIVE,0.9905874133110046
1382,NEGATIVE,0.9990236759185791
1383,NEGATIVE,0.998816967010498
1384,NEGATIVE,0.9365923404693604
1385,NEGATIVE,0.9768285751342773
1386,NEGATIVE,0.9680995941162109
1387,NEGATIVE,0.8424586653709412
1388,NEGATIVE,0.9847425222396851
1389,NEGATIVE,0.9856011271476746
1390,NEGATIVE,0.9985760450363159
1391,NEGATIVE,0.9877376556396484
1392,NEGATIVE,0.9875461459159851
1393,POSITIVE,0.9852468967437744
1394,NEGATIVE,0.9990436434745789
1395,NEGATIVE,0.9969466328620911
1396,NEGATIVE,0.9837257266044617
1397,POSITIVE,0.9931513071060181
1398,NEGATIVE,0.8643794655799866
1399,NEGATIVE,0.9569176435470581
1400,POSITIVE,0.9924742579460144
1401,POSITIVE,0.9150461554527283
1402,NEGATIVE,0.9891782999038696
1403,NEGATIVE,0.99365234375
1404,NEGATIVE,0.997836172580719
1405,NEGATIVE,0.9512242674827576
1406,NEGATIVE,0.9879636764526367
1407,NEGATIVE,0.9957162737846375
1408,POSITIVE,0.9909729957580566
1409,NEGATIVE,0.9938912391662598
1410,POSITIVE,0.9991045594215393
1411,POSITIVE,0.759610652923584
1412,POSITIVE,0.9575114250183105
1413,POSITIVE,0.9774826765060425
1414,POSITIVE,0.7620643973350525
1415,NEGATIVE,0.9704418182373047
1416,POSITIVE,0.9979534149169922
1417,POSITIVE,0.8190180659294128
1418,NEGATIVE,0.9631140828132629
1419,NEGATIVE,0.9876360297203064
1420,NEGATIVE,0.9878984093666077
1421,NEGATIVE,0.9975365400314331
1422,NEGATIVE,0.9964095950126648
1423,NEGATIVE,0.7666878700256348
1424,POSITIVE,0.7727082371711731
1425,POSITIVE,0.8936710953712463
1426,NEGATIVE,0.9704275727272034
1427,POSITIVE,0.8868533372879028
1428,NEGATIVE,0.9996802806854248
1429,NEGATIVE,0.998058021068573
1430,POSITIVE,0.9996143579483032
1431,POSITIVE,0.9728984832763672
1432,POSITIVE,0.9962270259857178
1433,NEGATIVE,0.9374402165412903
1434,POSITIVE,0.9985223412513733
1435,NEGATIVE,0.9805835485458374
1436,POSITIVE,0.9928332567214966
1437,NEGATIVE,0.7825114727020264
1438,NEGATIVE,0.9273566603660583
1439,POSITIVE,0.9997448325157166
1440,NEGATIVE,0.9972937703132629
1441,NEGATIVE,0.9572994112968445
1442,NEGATIVE,0.9988056421279907
1443,POSITIVE,0.9998341798782349
1444,POSITIVE,0.971832811832428
1445,NEGATIVE,0.9978819489479065
1446,POSITIVE,0.9810643196105957
1447,NEGATIVE,0.9989166259765625
1448,NEGATIVE,0.9931996464729309
1449,POSITIVE,0.9996297359466553
1450,POSITIVE,0.9494993090629578
1451,POSITIVE,0.6532605886459351
1452,POSITIVE,0.9945282340049744
1453,NEGATIVE,0.9940862655639648
1454,NEGATIVE,0.9754199981689453
1455,NEGATIVE,0.9902297854423523
1456,NEGATIVE,0.9830333590507507
1457,POSITIVE,0.987922728061676
1458,NEGATIVE,0.9417445063591003
1459,POSITIVE,0.8647589683532715
1460,POSITIVE,0.9996755123138428
1461,NEGATIVE,0.9992721676826477
1462,NEGATIVE,0.944980800151825
1463,NEGATIVE,0.9924677014350891
1464,POSITIVE,0.9975801706314087
1465,POSITIVE,0.9983356595039368
1466,NEGATIVE,0.9909788370132446
1467,NEGATIVE,0.9844487905502319
1468,POSITIVE,0.9964824914932251
1469,NEGATIVE,0.9952091574668884
1470,NEGATIVE,0.9983747005462646
1471,NEGATIVE,0.9369557499885559
1472,NEGATIVE,0.9964123368263245
1473,POSITIVE,0.9997885823249817
1474,NEGATIVE,0.9981133937835693
1475,POSITIVE,0.9297975301742554
1476,NEGATIVE,0.9925408363342285
1477,POSITIVE,0.6959835886955261
1478,NEGATIVE,0.9681535363197327
1479,NEGATIVE,0.9903151392936707
1480,POSITIVE,0.9234617948532104
1481,NEGATIVE,0.9340514540672302
1482,NEGATIVE,0.9942666888237
1483,POSITIVE,0.9904652833938599
1484,NEGATIVE,0.9561586976051331
1485,NEGATIVE,0.9955217838287354
1486,NEGATIVE,0.9990197420120239
1487,NEGATIVE,0.9977070093154907
1488,NEGATIVE,0.9988956451416016
1489,POSITIVE,0.9997467398643494
1490,NEGATIVE,0.9980852603912354
1491,NEGATIVE,0.6612836122512817
1492,POSITIVE,0.5611695051193237
1493,NEGATIVE,0.9991648197174072
1494,POSITIVE,0.9519801139831543
1495,NEGATIVE,0.9923680424690247
1496,NEGATIVE,0.9991635084152222
1497,NEGATIVE,0.9912428855895996
1498,POSITIVE,0.9841835498809814
1499,POSITIVE,0.9989774227142334
1500,NEGATIVE,0.9604092240333557
1501,NEGATIVE,0.992291271686554
1502,NEGATIVE,0.9988569021224976
1503,NEGATIVE,0.8087779879570007
1504,POSITIVE,0.9924180507659912
1505,POSITIVE,0.9892400503158569
1506,NEGATIVE,0.9101641774177551
1507,NEGATIVE,0.5924742221832275
1508,NEGATIVE,0.971462070941925
1509,NEGATIVE,0.9878866672515869
1510,POSITIVE,0.9996914863586426
1511,POSITIVE,0.9996529817581177
1512,NEGATIVE,0.9972631931304932
1513,POSITIVE,0.9582763910293579
1514,NEGATIVE,0.9935677647590637
1515,POSITIVE,0.9989774227142334
1516,NEGATIVE,0.9645863175392151
1517,POSITIVE,0.9868775010108948
1518,NEGATIVE,0.8266953825950623
1519,POSITIVE,0.9884575009346008
1520,POSITIVE,0.997398853302002
1521,NEGATIVE,0.9721624255180359
1522,NEGATIVE,0.9990519881248474
1523,POSITIVE,0.9995636343955994
1524,NEGATIVE,0.9951241612434387
1525,NEGATIVE,0.998053789138794
1526,NEGATIVE,0.7774686217308044
1527,NEGATIVE,0.9756941795349121
1528,NEGATIVE,0.9992231130599976
1529,NEGATIVE,0.9987667798995972
1530,NEGATIVE,0.9625380039215088
1531,NEGATIVE,0.9978299736976624
1532,NEGATIVE,0.9987471103668213
1533,NEGATIVE,0.9979436993598938
1534,NEGATIVE,0.9983440637588501
1535,POSITIVE,0.9997711777687073
1536,NEGATIVE,0.9985659718513489
1537,NEGATIVE,0.7107069492340088
1538,NEGATIVE,0.6829044222831726
1539,NEGATIVE,0.9910789132118225
1540,NEGATIVE,0.9997168183326721
1541,POSITIVE,0.9790536165237427
1542,POSITIVE,0.9997193217277527
1543,NEGATIVE,0.9991463422775269
1544,NEGATIVE,0.9846304059028625
1545,POSITIVE,0.9482430815696716
1546,NEGATIVE,0.9988774657249451
1547,NEGATIVE,0.9968074560165405
1548,NEGATIVE,0.9985693693161011
1549,POSITIVE,0.9964576363563538
1550,NEGATIVE,0.9635905623435974
1551,POSITIVE,0.9987708926200867
1552,NEGATIVE,0.9841465353965759
1553,NEGATIVE,0.9972954392433167
1554,POSITIVE,0.9998082518577576
1555,NEGATIVE,0.9967993497848511
1556,NEGATIVE,0.9559130072593689
1557,POSITIVE,0.9996547698974609
1558,NEGATIVE,0.9945346117019653
1559,NEGATIVE,0.9944714307785034
1560,NEGATIVE,0.9940811991691589
1561,POSITIVE,0.9892431497573853
1562,NEGATIVE,0.5238510370254517
1563,NEGATIVE,0.9845882058143616
1564,NEGATIVE,0.6491092443466187
1565,POSITIVE,0.9988791346549988
1566,NEGATIVE,0.9675158262252808
1567,NEGATIVE,0.9675256609916687
1568,NEGATIVE,0.998677670955658
1569,NEGATIVE,0.998474657535553
1570,NEGATIVE,0.9993574023246765
1571,NEGATIVE,0.9935517311096191
1572,NEGATIVE,0.9987123012542725
1573,POSITIVE,0.9848266839981079
1574,NEGATIVE,0.6541399359703064
1575,NEGATIVE,0.9568954706192017
1576,NEGATIVE,0.9897407293319702
1577,NEGATIVE,0.9661749005317688
1578,NEGATIVE,0.9928870797157288
1579,NEGATIVE,0.9675467610359192
1580,POSITIVE,0.9995985627174377
1581,NEGATIVE,0.9912817478179932
1582,POSITIVE,0.9954569339752197
1583,NEGATIVE,0.9713838696479797
1584,NEGATIVE,0.999510645866394
1585,NEGATIVE,0.917806088924408
1586,NEGATIVE,0.9189055562019348
1587,POSITIVE,0.9996448755264282
1588,POSITIVE,0.9975422620773315
1589,NEGATIVE,0.9981908202171326
1590,NEGATIVE,0.9734418392181396
1591,NEGATIVE,0.9992765784263611
1592,POSITIVE,0.982729434967041
1593,NEGATIVE,0.9606298804283142
1594,NEGATIVE,0.8964383006095886
1595,POSITIVE,0.9988364577293396
1596,NEGATIVE,0.9989067316055298
1597,NEGATIVE,0.9774283766746521
1598,POSITIVE,0.9979666471481323
1599,POSITIVE,0.9995825886726379
1600,POSITIVE,0.9920594692230225
1601,NEGATIVE,0.9797790050506592
1602,NEGATIVE,0.9986504912376404
1603,NEGATIVE,0.997989296913147
1604,NEGATIVE,0.9599957466125488
1605,NEGATIVE,0.995901882648468
1606,POSITIVE,0.9996857643127441
1607,POSITIVE,0.9742465615272522
1608,NEGATIVE,0.9906794428825378
1609,NEGATIVE,0.9756273627281189
1610,POSITIVE,0.9676111340522766
1611,NEGATIVE,0.978105902671814
1612,POSITIVE,0.9975022673606873
1613,NEGATIVE,0.9975202679634094
1614,POSITIVE,0.9995701909065247
1615,NEGATIVE,0.9965291619300842
1616,NEGATIVE,0.9923731684684753
1617,NEGATIVE,0.9988319277763367
1618,POSITIVE,0.9169647097587585
1619,NEGATIVE,0.9970071911811829
1620,NEGATIVE,0.9941326975822449
1621,POSITIVE,0.9836567640304565
1622,NEGATIVE,0.9709988832473755
1623,NEGATIVE,0.9986346364021301
1624,POSITIVE,0.9996659755706787
1625,NEGATIVE,0.8380590081214905
1626,NEGATIVE,0.9297642111778259
1627,POSITIVE,0.9913017749786377
1628,POSITIVE,0.9849938750267029
1629,POSITIVE,0.9998331069946289
1630,POSITIVE,0.9901462197303772
1631,NEGATIVE,0.9991505146026611
1632,NEGATIVE,0.7129882574081421
1633,POSITIVE,0.6562836170196533
1634,NEGATIVE,0.9984605312347412
1635,NEGATIVE,0.9997162222862244
1636,POSITIVE,0.9696308374404907
1637,NEGATIVE,0.9932006001472473
1638,NEGATIVE,0.9952367544174194
1639,POSITIVE,0.9952152967453003
1640,POSITIVE,0.9980975985527039
1641,NEGATIVE,0.9962627291679382
1642,NEGATIVE,0.9866747260093689
1643,POSITIVE,0.6313050389289856
1644,POSITIVE,0.7920007109642029
1645,POSITIVE,0.9983460903167725
1646,NEGATIVE,0.9877697825431824
1647,POSITIVE,0.9992085099220276
1648,NEGATIVE,0.9982852339744568
1649,NEGATIVE,0.9611588716506958
1650,POSITIVE,0.9997801184654236
1651,NEGATIVE,0.794084906578064
1652,POSITIVE,0.992743968963623
1653,NEGATIVE,0.9976500868797302
1654,POSITIVE,0.9932945370674133
1655,NEGATIVE,0.998999297618866
1656,NEGATIVE,0.6342490911483765
1657,POSITIVE,0.9917056560516357
1658,POSITIVE,0.9941007494926453
1659,NEGATIVE,0.9968596696853638
1660,POSITIVE,0.9485160112380981
1661,NEGATIVE,0.9969407320022583
1662,NEGATIVE,0.9994451403617859
1663,POSITIVE,0.9970672726631165
1664,NEGATIVE,0.9937303066253662
1665,POSITIVE,0.995070219039917
1666,NEGATIVE,0.9662721753120422
1667,POSITIVE,0.9240138530731201
1668,NEGATIVE,0.9868294596672058
1669,POSITIVE,0.9958535432815552
1670,POSITIVE,0.9762058258056641
1671,POSITIVE,0.9871166348457336
1672,NEGATIVE,0.9827802181243896
1673,POSITIVE,0.9912119507789612
1674,POSITIVE,0.9875285625457764
1675,NEGATIVE,0.9996174573898315
1676,NEGATIVE,0.849346399307251
1677,NEGATIVE,0.9294438362121582
1678,NEGATIVE,0.9849493503570557
1679,NEGATIVE,0.9917699098587036
1680,NEGATIVE,0.9606350064277649
1681,POSITIVE,0.9481605887413025
1682,NEGATIVE,0.993279755115509
1683,NEGATIVE,0.9989327788352966
1684,POSITIVE,0.9808799624443054
1685,NEGATIVE,0.9965494871139526
1686,NEGATIVE,0.9981368780136108
1687,NEGATIVE,0.9813070297241211
1688,NEGATIVE,0.9987768530845642
1689,NEGATIVE,0.999769389629364
1690,NEGATIVE,0.9687446355819702
1691,POSITIVE,0.999502420425415
1692,NEGATIVE,0.8764187693595886
1693,POSITIVE,0.7570043802261353
1694,NEGATIVE,0.9662392735481262
1695,NEGATIVE,0.9764427542686462
1696,NEGATIVE,0.9926014542579651
1697,NEGATIVE,0.788665771484375
1698,NEGATIVE,0.9857300519943237
1699,POSITIVE,0.9993025064468384
1700,NEGATIVE,0.9872296452522278
1701,POSITIVE,0.9672523140907288
1702,NEGATIVE,0.9481149315834045
1703,NEGATIVE,0.9969584941864014
1704,POSITIVE,0.9989420771598816
1705,NEGATIVE,0.9803425669670105
1706,POSITIVE,0.9905340671539307
1707,NEGATIVE,0.9967129230499268
1708,POSITIVE,0.9993378520011902
1709,POSITIVE,0.9996979236602783
1710,NEGATIVE,0.9894251823425293
1711,POSITIVE,0.979068398475647
1712,POSITIVE,0.999876856803894
1713,POSITIVE,0.9996235370635986
1714,POSITIVE,0.9372638463973999
1715,NEGATIVE,0.9712207913398743
1716,POSITIVE,0.8653761744499207
1717,NEGATIVE,0.6305045485496521
1718,NEGATIVE,0.9975014328956604
1719,NEGATIVE,0.9986146688461304
1720,NEGATIVE,0.9785246253013611
1721,NEGATIVE,0.9974616765975952
1722,POSITIVE,0.9078361988067627
1723,NEGATIVE,0.9732708930969238
1724,POSITIVE,0.9313685894012451
1725,POSITIVE,0.9932725429534912
1726,NEGATIVE,0.9933502078056335
1727,NEGATIVE,0.9964584708213806
1728,NEGATIVE,0.980882465839386
1729,NEGATIVE,0.9979107975959778
1730,NEGATIVE,0.9827752709388733
1731,POSITIVE,0.804620623588562
1732,NEGATIVE,0.9977161884307861
1733,POSITIVE,0.9972440004348755
1734,POSITIVE,0.9324797987937927
1735,POSITIVE,0.9996028542518616
1736,NEGATIVE,0.9880103468894958
1737,POSITIVE,0.9459851980209351
1738,NEGATIVE,0.7854676246643066
1739,POSITIVE,0.9978588223457336
1740,NEGATIVE,0.9669708013534546
1741,POSITIVE,0.9615045785903931
1742,NEGATIVE,0.9347966313362122
1743,NEGATIVE,0.9899820685386658
1744,NEGATIVE,0.9984971284866333
1745,NEGATIVE,0.9388952255249023
1746,POSITIVE,0.9979034662246704
1747,NEGATIVE,0.9497792720794678
1748,POSITIVE,0.9947535991668701
1749,NEGATIVE,0.999250590801239
1750,POSITIVE,0.9986721277236938
1751,NEGATIVE,0.999086856842041
1752,POSITIVE,0.980135440826416
1753,NEGATIVE,0.9189327359199524
1754,NEGATIVE,0.8864412307739258
1755,NEGATIVE,0.5653114318847656
1756,NEGATIVE,0.9815090894699097
1757,NEGATIVE,0.9599437713623047
1758,POSITIVE,0.9968221187591553
1759,NEGATIVE,0.9992008805274963
1760,POSITIVE,0.7653259634971619
1761,NEGATIVE,0.9962904453277588
1762,NEGATIVE,0.9889772534370422
1763,POSITIVE,0.999553382396698
1764,POSITIVE,0.9008634686470032
1765,POSITIVE,0.9997292160987854
1766,POSITIVE,0.9993849992752075
1767,NEGATIVE,0.9990653395652771
1768,NEGATIVE,0.5653114318847656
1769,POSITIVE,0.9742053151130676
1770,NEGATIVE,0.9921072125434875
1771,NEGATIVE,0.9981726408004761
1772,POSITIVE,0.9997637867927551
1773,POSITIVE,0.995005190372467
1774,NEGATIVE,0.98338782787323
1775,NEGATIVE,0.9713493585586548
1776,NEGATIVE,0.998956561088562
1777,NEGATIVE,0.9788935780525208
1778,NEGATIVE,0.9995982050895691
1779,NEGATIVE,0.9962577819824219
1780,NEGATIVE,0.998284637928009
1781,POSITIVE,0.7407853603363037
1782,NEGATIVE,0.7433725595474243
1783,NEGATIVE,0.9072384834289551
1784,NEGATIVE,0.9074702858924866
1785,NEGATIVE,0.9933878183364868
1786,POSITIVE,0.7189221382141113
1787,POSITIVE,0.9997640252113342
1788,NEGATIVE,0.9951664209365845
1789,NEGATIVE,0.998356282711029
1790,NEGATIVE,0.9982478618621826
1791,NEGATIVE,0.9974459409713745
1792,NEGATIVE,0.9950696229934692
1793,POSITIVE,0.9890465140342712
1794,NEGATIVE,0.98802649974823
1795,POSITIVE,0.9998435974121094
1796,NEGATIVE,0.9803560972213745
1797,POSITIVE,0.9983800649642944
1798,POSITIVE,0.9929908514022827
1799,NEGATIVE,0.9993470311164856
1800,NEGATIVE,0.9985633492469788
1801,NEGATIVE,0.999396800994873
1802,POSITIVE,0.6973744630813599
1803,NEGATIVE,0.9784546494483948
1804,NEGATIVE,0.984503984451294
1805,POSITIVE,0.9973762035369873
1806,NEGATIVE,0.9795514345169067
1807,NEGATIVE,0.9958394765853882
1808,NEGATIVE,0.9870550632476807
1809,NEGATIVE,0.9788885712623596
1810,NEGATIVE,0.9962724447250366
1811,NEGATIVE,0.9897706508636475
1812,NEGATIVE,0.9985287189483643
1813,NEGATIVE,0.9984366297721863
1814,POSITIVE,0.9997430443763733
1815,NEGATIVE,0.9862793684005737
1816,POSITIVE,0.6850185990333557
1817,POSITIVE,0.9962226152420044
1818,POSITIVE,0.9961155652999878
1819,NEGATIVE,0.9914290308952332
1820,POSITIVE,0.9631022214889526
1821,NEGATIVE,0.9995972514152527
1822,NEGATIVE,0.9959251880645752
1823,NEGATIVE,0.9972113966941833
1824,NEGATIVE,0.9988677501678467
1825,POSITIVE,0.6644452214241028
1826,NEGATIVE,0.9298036694526672
1827,NEGATIVE,0.9452890157699585
1828,POSITIVE,0.9923204779624939
1829,NEGATIVE,0.9853341579437256
1830,POSITIVE,0.9825224876403809
1831,NEGATIVE,0.9888018369674683
1832,NEGATIVE,0.9993308782577515
1833,NEGATIVE,0.995609700679779
1834,NEGATIVE,0.9723349809646606
1835,POSITIVE,0.7321086525917053
1836,NEGATIVE,0.9989708662033081
1837,NEGATIVE,0.9960134029388428
1838,NEGATIVE,0.9986633062362671
1839,NEGATIVE,0.994175374507904
1840,NEGATIVE,0.9990203380584717
1841,POSITIVE,0.6950471997261047
1842,POSITIVE,0.6012160181999207
1843,NEGATIVE,0.9684059023857117
1844,NEGATIVE,0.9776844382286072
1845,POSITIVE,0.9994046688079834
1846,POSITIVE,0.6505300402641296
1847,POSITIVE,0.9996633529663086
1848,POSITIVE,0.9957583546638489
1849,NEGATIVE,0.9890637993812561
1850,POSITIVE,0.9934593439102173
1851,POSITIVE,0.9989510774612427
1852,NEGATIVE,0.9801397919654846
1853,NEGATIVE,0.7775355577468872
1854,NEGATIVE,0.6685121655464172
1855,POSITIVE,0.8904497027397156
1856,POSITIVE,0.9980838298797607
1857,NEGATIVE,0.9996322393417358
1858,POSITIVE,0.9891542792320251
1859,NEGATIVE,0.9956035614013672
1860,NEGATIVE,0.9959077835083008
1861,NEGATIVE,0.965581476688385
1862,NEGATIVE,0.9994872808456421
1863,NEGATIVE,0.9994611144065857
1864,NEGATIVE,0.9966977834701538
1865,POSITIVE,0.9824982285499573
1866,NEGATIVE,0.9719065427780151
1867,NEGATIVE,0.9981924891471863
1868,NEGATIVE,0.9984329342842102
1869,NEGATIVE,0.6500256061553955
1870,POSITIVE,0.9997782111167908
1871,POSITIVE,0.9992102384567261
1872,NEGATIVE,0.9991744160652161
1873,POSITIVE,0.99925297498703
1874,NEGATIVE,0.8119374513626099
1875,NEGATIVE,0.9995242357254028
1876,NEGATIVE,0.8874765038490295
1877,NEGATIVE,0.5519878268241882
1878,POSITIVE,0.9817896485328674
1879,NEGATIVE,0.9869912266731262
1880,POSITIVE,0.9993163347244263
1881,NEGATIVE,0.9995761513710022
1882,NEGATIVE,0.5864705443382263
1883,NEGATIVE,0.998519241809845
1884,NEGATIVE,0.9677371382713318
1885,POSITIVE,0.9998440742492676
1886,POSITIVE,0.9978322386741638
1887,POSITIVE,0.9987529516220093
1888,NEGATIVE,0.9939101934432983
1889,NEGATIVE,0.8356757164001465
1890,NEGATIVE,0.6662579774856567
1891,POSITIVE,0.9655869603157043
1892,NEGATIVE,0.995323121547699
1893,POSITIVE,0.9822837710380554
1894,NEGATIVE,0.9927929639816284
1895,NEGATIVE,0.9250519871711731
1896,NEGATIVE,0.9989156723022461
1897,NEGATIVE,0.999483585357666
1898,NEGATIVE,0.9997691512107849
1899,NEGATIVE,0.999377429485321
1900,NEGATIVE,0.9991077780723572
1901,NEGATIVE,0.9298819303512573
1902,NEGATIVE,0.9959830045700073
1903,NEGATIVE,0.9842400550842285
1904,POSITIVE,0.9962820410728455
1905,POSITIVE,0.9678266048431396
1906,NEGATIVE,0.9907853603363037
1907,NEGATIVE,0.9839184284210205
1908,NEGATIVE,0.9980008006095886
1909,NEGATIVE,0.9978620409965515
1910,POSITIVE,0.9981649518013
1911,POSITIVE,0.9268484711647034
1912,POSITIVE,0.9668812155723572
1913,NEGATIVE,0.9981756210327148
1914,NEGATIVE,0.997038722038269
1915,POSITIVE,0.9940219521522522
1916,POSITIVE,0.7313447594642639
1917,NEGATIVE,0.9995760321617126
1918,POSITIVE,0.9789736866950989
1919,POSITIVE,0.9996249675750732
1920,POSITIVE,0.9897520542144775
1921,NEGATIVE,0.9964199066162109
1922,POSITIVE,0.9984697699546814
1923,NEGATIVE,0.9981864094734192
1924,NEGATIVE,0.9080930948257446
1925,POSITIVE,0.9998065829277039
1926,NEGATIVE,0.9982665181159973
1927,POSITIVE,0.9954376816749573
1928,POSITIVE,0.9695428609848022
1929,POSITIVE,0.9949885010719299
1930,NEGATIVE,0.9997126460075378
1931,NEGATIVE,0.9156131744384766
1932,NEGATIVE,0.9565057754516602
1933,NEGATIVE,0.9997307658195496
1934,POSITIVE,0.9998569488525391
1935,NEGATIVE,0.9907917976379395
1936,NEGATIVE,0.8410032391548157
1937,POSITIVE,0.9993082284927368
1938,NEGATIVE,0.9994780421257019
1939,NEGATIVE,0.9984789490699768
1940,NEGATIVE,0.9978916049003601
1941,NEGATIVE,0.9423141479492188
1942,NEGATIVE,0.9975057244300842
1943,NEGATIVE,0.9957230091094971
1944,POSITIVE,0.9898668527603149
1945,POSITIVE,0.9978563189506531
1946,POSITIVE,0.9940786361694336
1947,POSITIVE,0.990644097328186
1948,NEGATIVE,0.8351030945777893
1949,NEGATIVE,0.9991650581359863
1950,NEGATIVE,0.9698988795280457
1951,POSITIVE,0.9998065829277039
1952,NEGATIVE,0.9992771744728088
1953,NEGATIVE,0.9959946870803833
1954,POSITIVE,0.9992741942405701
1955,NEGATIVE,0.9509148001670837
1956,NEGATIVE,0.9371339082717896
1957,POSITIVE,0.982337474822998
1958,NEGATIVE,0.9563369154930115
1959,NEGATIVE,0.985456645488739
1960,NEGATIVE,0.9986662864685059
1961,POSITIVE,0.9968377351760864
1962,POSITIVE,0.9297613501548767
1963,NEGATIVE,0.998449444770813
1964,NEGATIVE,0.9794614315032959
1965,POSITIVE,0.9829986691474915
1966,POSITIVE,0.9919018149375916
1967,POSITIVE,0.9995484948158264
1968,NEGATIVE,0.8436262011528015
1969,NEGATIVE,0.9982933402061462
1970,POSITIVE,0.965821385383606
1971,NEGATIVE,0.9845511317253113
1972,NEGATIVE,0.999208390712738
1973,NEGATIVE,0.9623755216598511
1974,POSITIVE,0.995370090007782
1975,POSITIVE,0.5233433246612549
1976,POSITIVE,0.9998424053192139
1977,NEGATIVE,0.9893948435783386
1978,NEGATIVE,0.999442994594574
1979,NEGATIVE,0.9956685304641724
1980,NEGATIVE,0.705176830291748
1981,NEGATIVE,0.9879670739173889
1982,POSITIVE,0.981648325920105
1983,NEGATIVE,0.9770275354385376
1984,NEGATIVE,0.9964197874069214
1985,POSITIVE,0.985152006149292
1986,NEGATIVE,0.9954406023025513
1987,NEGATIVE,0.9752849340438843
1988,NEGATIVE,0.9894753694534302
1989,NEGATIVE,0.6445870399475098
1990,NEGATIVE,0.9992467164993286
1991,NEGATIVE,0.9976978898048401
1992,NEGATIVE,0.9964678287506104
1993,POSITIVE,0.9997692704200745
1994,NEGATIVE,0.9909342527389526
1995,NEGATIVE,0.998719334602356
1996,NEGATIVE,0.9940952062606812
1997,POSITIVE,0.9862769246101379
1998,POSITIVE,0.6585447788238525
1999,POSITIVE,0.9924694895744324
2000,NEGATIVE,0.9953712821006775
2001,NEGATIVE,0.9986316561698914
2002,NEGATIVE,0.9920863509178162
2003,NEGATIVE,0.923528790473938
2004,POSITIVE,0.9995797276496887
2005,NEGATIVE,0.9855042099952698
2006,POSITIVE,0.8149920701980591
2007,POSITIVE,0.9849758744239807
2008,NEGATIVE,0.9996722936630249
2009,POSITIVE,0.9973815083503723
2010,POSITIVE,0.998928964138031
2011,NEGATIVE,0.9921535849571228
2012,NEGATIVE,0.8546556830406189
2013,NEGATIVE,0.9985783100128174
2014,NEGATIVE,0.9888687133789062
2015,POSITIVE,0.9908141493797302
2016,NEGATIVE,0.9997413754463196
2017,NEGATIVE,0.9987956285476685
2018,NEGATIVE,0.9534628391265869
2019,NEGATIVE,0.9970007538795471
2020,POSITIVE,0.9804679155349731
2021,POSITIVE,0.9998352527618408
2022,POSITIVE,0.9988648891448975
2023,POSITIVE,0.9995185136795044
2024,NEGATIVE,0.8513644337654114
2025,POSITIVE,0.9636023044586182
2026,NEGATIVE,0.9468268156051636
2027,POSITIVE,0.866070032119751
2028,POSITIVE,0.5063947439193726
2029,POSITIVE,0.6225640773773193
2030,POSITIVE,0.950550377368927
2031,POSITIVE,0.8748423457145691
2032,NEGATIVE,0.6095426082611084
2033,NEGATIVE,0.917629063129425
2034,NEGATIVE,0.9962047934532166
2035,POSITIVE,0.9997420907020569
2036,POSITIVE,0.9997346997261047
2037,NEGATIVE,0.7330536246299744
2038,NEGATIVE,0.9973661303520203
2039,NEGATIVE,0.9825877547264099
2040,NEGATIVE,0.9667993783950806
2041,POSITIVE,0.999788224697113
2042,NEGATIVE,0.9903826117515564
2043,POSITIVE,0.9987144470214844
2044,NEGATIVE,0.846095860004425
2045,POSITIVE,0.999487042427063
2046,NEGATIVE,0.9988393187522888
2047,NEGATIVE,0.9982998967170715
2048,POSITIVE,0.9998080134391785
2049,NEGATIVE,0.9893789887428284
2050,NEGATIVE,0.9829071164131165
2051,POSITIVE,0.9992495179176331
2052,NEGATIVE,0.9817306995391846
2053,NEGATIVE,0.9628423452377319
2054,NEGATIVE,0.9902977347373962
2055,NEGATIVE,0.95851731300354
2056,NEGATIVE,0.9773625731468201
2057,NEGATIVE,0.9890322089195251
2058,NEGATIVE,0.9852631092071533
2059,NEGATIVE,0.9788807034492493
2060,NEGATIVE,0.6985843181610107
2061,NEGATIVE,0.9817128777503967
2062,NEGATIVE,0.9843586683273315
2063,NEGATIVE,0.9796820878982544
2064,NEGATIVE,0.9575268030166626
2065,NEGATIVE,0.9963932633399963
2066,NEGATIVE,0.9852504134178162
2067,NEGATIVE,0.972437858581543
2068,NEGATIVE,0.9794410467147827
2069,NEGATIVE,0.9937153458595276
2070,NEGATIVE,0.9159032702445984
2071,NEGATIVE,0.9826975464820862
2072,NEGATIVE,0.9781820178031921
